{
  "placeholderImages": [
    {
      "id": "hero-background",
      "description": "A clean and modern server room with rows of server racks.",
      "imageUrl": "https://images.unsplash.com/photo-1580106815433-a5b1d1d53d85?crop=entropy&cs=tinysrgb&fit=max&fm=jpg&ixid=M3w3NDE5ODJ8MHwxfHNlYXJjaHwxfHxzZXJ2ZXIlMjByb29tfGVufDB8fHx8MTc2MzM4MzcyNHww&ixlib=rb-4.1.0&q=80&w=1080",
      "imageHint": "server room"
    },
    {
      "id": "why-choose-us",
      "description": "A modern office environment with people collaborating.",
      "imageUrl": "https://images.unsplash.com/photo-1641060272821-df59e2c0b5ed?crop=entropy&cs=tinysrgb&fit=max&fm=jpg&ixid=M3w3NDE5ODJ8MHwxfHNlYXJjaHw4fHxtb2Rlcm4lMjBvZmZpY2V8ZW58MHx8fHwxNzYzMzQwNDU1fDA&ixlib=rb-4.1.0&q=80&w=1080",
      "imageHint": "modern office"
    }
  ]
}